Name,Pos,Org,Top 100,Org Rk,Age,Hit,Pitch Sel,Bat Ctrl,Con Style,Game Pwr,Raw Pwr,Spd,Fld,Versa,Hard Hit%,FV,PlayerId
"Roki Sasaki","SP","LAD",1,0,"23.2","",,,,"","","","",,,"65","sa3025686"
"Roman Anthony","RF","BOS",2,0,"20.8277777","40 / 45",55,45,"InsideOut","55 / 70","70 / 80","55 / 50","50 / 60","OF",0.53,"60","sa3020211"
"Dylan Crews","CF","WSN",3,0,"23.0416666","45 / 50",50,50,"InsideOut","50 / 60","60 / 60","70 / 70","40 / 45","OF",0.46,"60","33541"
"Sebastian Walcott","SS","TEX",4,0,"18.9916666","30 / 45",50,40,"Pull","45 / 70","60 / 80","45 / 45","40 / 50","SS/3B",0.37,"60","sa3021069"
"Samuel Basallo","C","BAL",5,0,"20.5777777","30 / 40",30,55,"PoleToPole","55 / 70","70 / 80","40 / 40","30 / 45","C/1B",0.49,"60","sa3015716"
"Andrew Painter","SP","PHI",6,1,"21.9194444","",,,,"","","","",,,"60","sa3017880"
"Kristian Campbell","2B","BOS",7,0,"22.7027777","40 / 50",60,50,"PoleToPole","45 / 60","55 / 60","60 / 60","30 / 40","2B/SS/CF",0.45,"60","sa3023011"
"Dalton Rushing","C","LAD",8,0,"24.0555555","40 / 50",70,50,"Pull","50 / 55","55 / 55","45 / 45","40 / 45","C/LF",0.48,"60","sa3019892"
"Jackson Jobe","SP","DET",9,1,"22.6138888","",,,,"","","","",,,"60","30203"
"Carson Williams","SS","TBR",10,1,"21.7111111","30 / 35",40,35,"PoleToPole","40 / 55","55 / 60","55 / 55","60 / 70",,0.4,"60","sa3017795"
"Drake Baldwin","C","ATL",11,1,"23.9527777","45 / 55",55,55,"InsideOut","45 / 55","55 / 55","30 / 30","40 / 45",,0.5,"55","sa3019920"
"Chase Dollander","SP","COL",12,1,"23.375","",,,,"","","","",,,"55","sa3023361"
"Matt Shaw","3B","CHC",13,1,"23.3472222","40 / 50",40,55,"PoleToPole","45 / 60","60 / 60","60 / 60","45 / 55","2B/3B",0.42,"55","sa3022615"
"Jordan Lawlar","SS","ARI",14,1,"22.65","35 / 40",60,40,"PoleToPole","45 / 55","50 / 60","70 / 70","55 / 60","3B/SS",0.33,"55","29976"
"Aidan Miller","SS","PHI",15,2,"20.7555555","40 / 50",50,50,"InsideOut","45 / 60","50 / 60","55 / 55","30 / 40",,0.36,"55","sa3022609"
"Jasson Domínguez","LF","NYY",16,1,"22.0944444","40 / 45",50,45,"Pull/Oppo","55 / 60","60 / 60","55 / 55","40 / 45","OF",0.42,"55","28080"
"Walker Jenkins","LF","MIN",17,0,"20.0611111","45 / 60",50,60,"PoleToPole","40 / 55","45 / 55","45 / 40","30 / 50",,0.36,"55","sa3022894"
"Noah Schultz","SP","CHW",18,0,"21.6","",,,,"","","","",,,"55","sa3020949"
"Jarlin Susana","SP","WSN",19,0,"20.9666666","",,,,"","","","",,,"55","sa3018808"
"Emmanuel Rodriguez","CF","MIN",20,0,"22.0305555","20 / 30",80,30,"GapToGap","50 / 60","70 / 70","50 / 50","60 / 60","OF",0.56,"55","sa3014693"
"Ethan Salas","C","SDP",21,0,"18.7777777","25 / 40",40,50,"GapToGap","30 / 55","45 / 60","50 / 40","45 / 70",,0.32,"55","sa3020881"
"Hagen Smith","SP","CHW",22,0,"21.5611111","",,,,"","","","",,,"55","sa3025544"
"Bubba Chandler","SP","PIT",23,0,"22.4916666","",,,,"","","","",,,"55","sa3017428"
"Brandon Sproat","SP","NYM",24,0,"24.4833333","",,,,"","","","",,,"55","sa3023499"
"Caden Dana","SP","LAA",25,1,"21.2333333","",,,,"","","","",,,"55","31508"
"Bryce Eldridge","1B","SFG",26,1,"20.3916666","30 / 40",45,50,"PoleToPole","45 / 70","60 / 80","45 / 30","30 / 40",,0.56,"55","sa3022757"
"Jacob Misiorowski","SP","MIL",27,0,"22.9388888","",,,,"","","","",,,"55","sa3020644"
"Chase Burns","SP","CIN",28,0,"22.1805555","",,,,"","","","",,,"55","sa3028086"
"Alfredo Duno","C","CIN",29,0,"19.1777777","20 / 35",55,30,"PoleToPole","25 / 70","60 / 80","55 / 40","40 / 60",,0.49,"55","sa3021066"
"Adrian Del Castillo","C","ARI",30,2,"25.4555555","40 / 50",50,45,"Pull","45 / 55","55 / 55","20 / 20","30 / 40",,0.46,"50","29554"
"Nick Kurtz","1B","ATH",31,1,"21.9972222","35 / 55",60,60,"PoleToPole","35 / 60","65 / 65","30 / 30","35 / 55",,0.44,"50","sa3025385"
"Quinn Mathews","SP","STL",32,0,"24.4361111","",,,,"","","","",,,"50","sa3023407"
"Angel Genao","2B","CLE",33,0,"20.8111111","35 / 55",50,50,"GapToGap","30 / 55","45 / 55","50 / 50","40 / 50",,0.4,"50","sa3015706"
"Max Clark","CF","DET",34,2,"20.2222222","35 / 60",55,60,"SlashAndDash","30 / 45","40 / 45","70 / 70","40 / 50",,0.36,"50","sa3022683"
"Alex Freeland","SS","LAD",35,0,"23.5472222","40 / 50",60,45,"PoleToPole","40 / 55","55 / 55","50 / 50","45 / 45",,0.47,"50","sa3020653"
"Travis Bazzana","2B","CLE",36,0,"22.5361111","35 / 55",60,60,"Pull","35 / 55","50 / 55","60 / 60","30 / 40",,0.4,"50","sa3025129"
"Leodalis De Vries","SS","SDP",37,0,"18.4166666","20 / 45",50,40,"Pull","25 / 60","45 / 60","40 / 50","35 / 55",,0.36,"50","sa3023363"
"Jesus Made","2B","MIL",38,0,"17.8416666","25 / 55",60,60,"Pull","25 / 60","45 / 60","50 / 45","40 / 50","2B/SS/3B",0.47,"50","sa3024108"
"Alejandro Rosario","SP","TEX",39,0,"23.1805555","",,,,"","","","",,,"50","sa3023538"
"AJ Smith-Shawver","SP","ATL",40,2,"22.3083333","",,,,"","","","",,,"50","29960"
"Colt Emerson","3B","SEA",41,0,"19.6416666","25 / 55",60,55,"PoleToPole","20 / 50","45 / 50","40 / 40","30 / 50","2B/3B",0.39,"50","sa3022923"
"Chase Petty","SP","CIN",42,0,"21.9361111","",,,,"","","","",,,"50","sa3017963"
"Agustin Ramirez","C","MIA",43,0,"23.5027777","40 / 45",40,50,"GapToGap","40 / 60","60 / 65","30 / 30","40 / 45","C/1B",0.46,"50","sa3009276"
"Thayron Liranzo","C","DET",44,3,"21.6833333","30 / 40",60,35,"Pull","35 / 60","60 / 70","30 / 30","30 / 45","C/1B",0.5,"50","sa3015790"
"Coby Mayo","1B","BAL",45,0,"23.2527777","30 / 40",50,45,"Pull","55 / 65","70 / 70","50 / 40","30 / 40",,0.41,"50","28312"
"Kevin Alcántara","CF","CHC",46,2,"22.6638888","30 / 35",30,40,"InsideOut","45 / 60","60 / 70","60 / 60","50 / 60","OF",0.49,"50","25971"
"Jac Caglianone","RF","KCR",47,0,"22.0888888","30 / 40",30,40,"GapToGap","35 / 65","70 / 80","40 / 40","30 / 50",,0.52,"50","sa3025245"
"Josue De Paula","LF","LAD",48,0,"19.7972222","20 / 40",60,40,"InsideOut","20 / 60","55 / 70","45 / 45","20 / 40",,0.46,"50","sa3018591"
"Kyle Teel","C","CHW",49,0,"23.0722222","40 / 45",60,45,"PoleToPole","40 / 55","45 / 50","45 / 40","45 / 55",,0.36,"50","sa3022886"
"Josue Briceño","C","DET",50,4,"20.4666666","30 / 50",55,50,"GapToGap","30 / 50","50 / 60","30 / 30","40 / 55","C/1B",0.41,"50","sa3018584"
"Rhett Lowder","SP","CIN",51,0,"23.0083333","",,,,"","","","",,,"50","33876"
"Jacob Wilson","SS","ATH",52,2,"22.9472222","60 / 70",30,80,"InsideOut","30 / 35","35 / 40","45 / 45","45 / 50",,0.24,"50","33266"
"Cooper Ingle","C","CLE",53,0,"23.05","50 / 60",70,60,"GapToGap","30 / 35","35 / 40","50 / 50","45 / 55",,0.32,"50","sa3023069"
"Kevin McGonigle","SS","DET",54,5,"20.5638888","35 / 55",55,60,"GapToGap","30 / 45","40 / 45","55 / 55","40 / 50","2B/SS",0.41,"50","sa3022895"
"Chase DeLauter","RF","CLE",55,0,"23.425","40 / 50",60,50,"PoleToPole","40 / 60","55 / 60","45 / 40","40 / 40",,0.42,"50","sa3021053"
"Luke Keaschall","CF","MIN",56,0,"22.5722222","45 / 55",60,55,"Pull","35 / 50","40 / 50","55 / 55","30 / 40",,0.21,"50","sa3022614"
"Marcelo Mayer","SS","BOS",57,0,"22.2472222","30 / 35",40,30,"PoleToPole","45 / 55","55 / 60","40 / 40","40 / 50",,0.5,"50","sa3017114"
"Colson Montgomery","SS","CHW",58,0,"23.0388888","30 / 40",70,40,"Pull","45 / 55","55 / 60","40 / 40","30 / 40","SS/3B",0.34,"50","sa3017170"
"Kumar Rocker","SP","TEX",59,0,"25.3027777","",,,,"","","","",,,"50","31843"
"Braxton Ashcraft","SP","PIT",60,0,"25.4333333","",,,,"","","","",,,"50","sa3008470"
"Yoniel Curet","SP","TBR",61,2,"22.3555555","",,,,"","","","",,,"50","sa3015446"
"Jett Williams","CF","NYM",62,0,"21.3555555","30 / 40",60,40,"GapToGap","30 / 50","50 / 55","70 / 70","40 / 60","SS/CF",0.37,"50","sa3020134"
"JJ Wetherholt","SS","STL",63,0,"22.5027777","35 / 50",60,60,"InsideOut","35 / 50","50 / 50","50 / 50","40 / 45","2B/SS",0.55,"50","sa3025154"
"Tink Hence","SP","STL",64,0,"22.5972222","",,,,"","","","",,,"50","sa3014709"
"Will Warren","SP","NYY",65,2,"25.7361111","",,,,"","","","",,,"50","30182"
"Jake Bloss","SP","TOR",66,0,"23.7166666","",,,,"","","","",,,"50","33168"
"Parker Messick","SP","CLE",67,0,"24.375","",,,,"","","","",,,"50","sa3020748"
"Carter Jensen","C","KCR",68,0,"21.6888888","30 / 40",60,40,"PoleToPole","45 / 55","55 / 60","40 / 40","40 / 50",,0.49,"50","sa3017339"
"Joe Mack","C","MIA",69,0,"22.2055555","20 / 30",40,30,"PoleToPole","35 / 50","55 / 60","45 / 40","40 / 55",,0.44,"50","sa3017374"
"Cam Smith","3B","HOU",70,0,"22.0527777","30 / 45",50,45,"InsideOut","40 / 60","60 / 70","40 / 40","30 / 55",,0.43,"50","sa3025358"
"Chayce McDermott","SP","BAL",71,0,"26.5527777","",,,,"","","","",,,"50","29866"
"Chandler Simpson","CF","TBR",72,3,"24.3138888","60 / 70",55,70,"Slash&Dash","20 / 20","30 / 30","80 / 80","40 / 60","OF",0.14,"50","sa3020219"
"Yilber Diaz","SP","ARI",73,3,"24.5611111","",,,,"","","","",,,"50","29271"
"Moisés Chace","SP","PHI",74,3,"21.7555555","",,,,"","","","",,,"50","sa3015346"
"Brody Hopkins","SP","TBR",75,4,"23.1472222","",,,,"","","","",,,"50","sa3023515"
"Cole Young","SS","SEA",76,0,"21.6333333","50 / 60",60,60,"GapToGap","35 / 40","45 / 45","50 / 50","40 / 45","2B/SS",0.33,"50","sa3020459"
"Jimmy  Crooks","C","STL",77,0,"23.6444444","35 / 45",60,45,"Oppo","40 / 45","50 / 50","20 / 20","50 / 60",,0.45,"50","sa3019841"
"Juan Brito","2B","CLE",78,0,"23.4638888","50 / 55",40,60,"GapToGap","40 / 45","45 / 50","50 / 50","40 / 45","1B/2B/RF",0.33,"50","sa3009808"
"Cade Horton","SP","CHC",79,3,"23.5583333","",,,,"","","","",,,"50","sa3020860"
"Troy Melton","SP","DET",80,6,"24.2722222","",,,,"","","","",,,"50","sa3020652"
"Jefferson Rojas","SS","CHC",81,4,"19.8777777","25 / 50",40,55,"GapToGap","25 / 50","40 / 50","45 / 45","30 / 45","2B/SS",0.35,"50","sa3018571"
"Arjun Nimmala","SS","TOR",82,0,"19.4027777","20 / 40",50,45,"Pull","25 / 60","55 / 70","45 / 40","30 / 45",,0.43,"50","sa3022892"
"Thomas White","SP","MIA",83,0,"20.45","",,,,"","","","",,,"50","sa3023268"
"Travis Sykora","SP","WSN",84,0,"20.8694444","",,,,"","","","",,,"50","sa3023557"
"Felnin Celesten","2B","SEA",85,0,"19.4888888","20 / 45",55,45,"GapToGap","20 / 55","50 / 60","50 / 40","35 / 50",,0.48,"50","sa3023381"
"Tre' Morgan","1B","TBR",86,5,"22.6527777","35 / 55",40,55,"Oppo","30 / 40","45 / 45","50 / 50","70 / 80",,0.4,"50","sa3022919"
"Starlyn Caba","SS","MIA",87,0,"19.2638888","25 / 70",55,70,"SlashAndDash","20 / 30","30 / 40","60 / 60","45 / 80",,0.19,"50","sa3021070"
"Welbyn Francisca","2B","CLE",88,0,"18.8166666","25 / 60",60,60,"Pull","20 / 40","30 / 45","60 / 60","30 / 50",,0.31,"50","sa3021087"
"Jedixson Paez","SP","BOS",89,0,"21.15","",,,,"","","","",,,"50","sa3016264"
"Edgar Quero","C","CHW",90,0,"21.9305555","40 / 50",45,50,"GapToGap","40 / 50","45 / 50","30 / 30","40 / 45",,0.41,"50","sa3015239"
"Edgardo Henriquez","SIRP","LAD",91,0,"22.7138888","",,,,"","","","",,,"50","26944"
"Tai Peete","CF","SEA",92,0,"19.5833333","20 / 40",50,40,"Pull","25 / 60","50 / 60","55 / 55","30 / 50",,0.37,"50","sa3022966"
"George Klassen","SP","LAA",93,2,"23.125","",,,,"","","","",,,"50","sa3023440"
"Grant Taylor","SP","CHW",94,0,"22.8083333","",,,,"","","","",,,"50","sa3023634"
"Carson Whisenhunt","SP","SFG",95,2,"24.3916666","",,,,"","","","",,,"50","sa3020529"
"Luis Morales","SP","ATH",96,3,"22.4638888","",,,,"","","","",,,"50","sa3021487"
"Noble Meyer","SP","MIA",97,0,"20.1694444","",,,,"","","","",,,"50","sa3022945"
"Xavier Isaac","1B","TBR",98,6,"21.2333333","20 / 30",50,20,"Oppo","40 / 70","70 / 80","40 / 40","30 / 45",,0.57,"50","sa3020498"
"Jeferson Quero","C","MIL",99,0,"22.425","30 / 40",30,55,"Pull","40 / 55","50 / 60","40 / 40","40 / 50",,0.38,"50","sa3015407"
"Jonny Farmelo","CF","SEA",100,0,"20.5055555","30 / 45",40,40,"Pull","30 / 55","50 / 60","70 / 70","45 / 55",,0.39,"50","sa3023362"
"River Ryan","SP","LAD",101,0,"26.5666666","",,,,"","","","",,,"50","29514"
"Ricky Tiedemann","SP","TOR",102,0,"22.5638888","",,,,"","","","",,,"50","sa3018096"
"Kevin Alvarez","1B/LF","HOU",,0,"17.1611111","20 / 45",,50,,"25 / 60","40 / 60","50 / 40","30 / 50",,,"45+",
"Braden Montgomery","RF","CHW",,0,"21.9027777","30 / 40",55,35,"PoleToPole","35 / 60","60 / 65","50 / 50","35 / 60",,,"45+","sa3038253"
"Elian Peña","3B","NYM",,0,"17.3944444","25 / 55",,55,,"25 / 60","55 / 60","40 / 30","30 / 40",,,"45+",
"Matt Wilkinson","SP","CLE",,0,"22.2527777","",,,,"","","","",,,"45+","sa3023171"
"Cristopher Polanco","SS","TOR",,0,"17.1888888","25 / 60",,60,,"20 / 40","30 / 40","60 / 60","45 / 60",,,"45",
"Yorger Bautista","CF","SEA",,0,"17.4777777","25 / 60",,60,,"20 / 45","30 / 45","60 / 60","40 / 50",,,"45",
"Matt Koperniak","LF","STL",,0,"27.0916666","40 / 45",40,55,"InsideOut","40 / 50","50 / 50","55 / 55","55 / 55","LF/RF",0.43,"45","sa3014834"
"Austin Peterson","SP","CLE",,0,"25.4777777","",,,,"","","","",,,"45","sa3020868"
"Andrew Salas","SS","MIA",,0,"17.0194444","20 / 50",,50,,"20 / 45","40 / 55","60 / 60","45 / 60",,,"45",
"Alan Roden","LF","TOR",,0,"25.2194444","50 / 60",40,65,"PoleToPole","40 / 45","45 / 45","40 / 40","40 / 45","LF/RF",0.37,"45","sa3020212"
"Deivid Coronil","SS","SDP",,0,"17.4361111","20 / 40",,45,,"20 / 45","30 / 50","55 / 55","40 / 55",,,"40+",
"Daniel Hernandez","C","WSN",,0,"17.0694444","20 / 55",,50,,"20 / 50","35 / 50","40 / 40","30 / 40",,,"40+",
"Ethan Pecko","SP","HOU",,0,"22.5444444","",,,,"","","","",,,"40+","sa3022997"
"Wikelman Gonzalez","MIRP","CHW",,0,"22.9611111","",,,,"","","","",,,"40+","sa3008687"
"Jack Dreyer","SIRP","LAD",,0,"26.0388888","",,,,"","","","",,,"40+","sa3018789"
"Johan De Los Santos","CF","PIT",,0,"16.6305555","20 / 40",,40,,"20 / 40","20 / 45","80 / 80","30 / 50",,,"40+",
"Dorian Soto","SS","BOS",,0,"17.075","20 / 40",,40,,"20 / 50","45 / 60","55 / 60","40 / 45",,,"40+",
"Jhoan De La Cruz","SS","SDP",,0,"17.3194444","25 / 50",,50,,"20 / 40","30 / 45","55 / 55","40 / 50",,,"40",
"Juan Sanchez","SS","TOR",,0,"17.4555555","20 / 40",,40,,"25 / 50","45 / 55","40 / 40","40 / 45",,,"40",
"Kenny Fenelon","CF","MIL",,0,"17.4472222","20 / 30",,30,,"25 / 45","50 / 60","60 / 60","40 / 50",,,"40",
"Caleb Durbin","3B","MIL",,0,"25.0527777","50 / 55",45,60,"Pull","30 / 35","40 / 40","60 / 60","45 / 50","2B/3B/LF",0.25,"40","sa3017183"
"Kendry Martinez","2B","SEA",,0,"17.4416666","20 / 50",,45,,"20 / 45","30 / 45","40 / 40","30 / 50",,,"40",
"Brayan Cortesia","SS","WSN",,0,"17.325","20 / 50",,50,,"20 / 40","40 / 45","45 / 45","40 / 45",,,"40",
"Eiberson Castellano","SIRP","MIN",,0,"23.8388888","",,,,"","","","",,,"40","sa3015414"
"Chase Meidroth","SS","CHW",,0,"23.6333333","55 / 60",60,70,"InsideOut","20 / 30","40 / 40","40 / 40","40 / 40","2B/SS/3B",0.34,"40","sa3020011"
"Warren Calcaño","SS","KCR",,0,"17.4","20 / 50",,50,,"20 / 40","20 / 40","50 / 60","40 / 50",,,"40",
"Royel Strop","CF","STL",,0,"16.7694444","20 / 40",,40,,"20 / 45","40 / 55","60 / 60","40 / 50",,,"40",
"Jose Luis Peña","SS","BAL",,0,"16.5694444","",,,,"","","","",,,"40",
"William Kempner","SIRP","MIA",,0,"23.7305555","",,,,"","","","",,,"40","sa3020527"
"Brayan Mendoza","SP","MIA",,0,"21.1444444","",,,,"","","","",,,"40","sa3015477"
"Darell Morel","3B","PIT",,0,"17.4888888","20 / 40",,40,,"20 / 50","40 / 60","50 / 50","30 / 50",,,"40",
"Harold Rivas","CF","BOS",,0,"16.8361111","20 / 40",,40,,"20 / 45","40 / 55","60 / 60","45 / 60",,,"40",
"Christopher Acosta","SS","MIL",,0,"17.1194444","20 / 45",,45,,"20 / 30","30 / 40","50 / 50","40 / 50",,,"35+",
"Chad Patrick","SP","MIL",,0,"26.575","",,,,"","","","",,,"35+","sa3017933"
"Haritzon Castillo","SS","MIN",,0,"16.9666666","25 / 55",,55,,"20 / 35","30 / 40","55 / 55","40 / 50",,,"35+",
"Santiago Leon","SS","MIN",,0,"16.7111111","20 / 45",,45,,"20 / 40","40 / 45","50 / 50","40 / 50",,,"35+",
"Diego Cartaya","C","MIN",,0,"23.5111111","20 / 30",50,30,"Pull","30 / 45","40 / 50","30 / 30","40 / 45",,0.33,"35+","sa3008742"
"Alejandro Cruz","3B","CHW",,0,"18.1916666","20 / 40",,40,,"20 / 40","30 / 45","40 / 40","35 / 60",,,"35+",
"Juan Carela","SIRP","CHW",,0,"23.2388888","",,,,"","","","",,,"35+","sa3009237"
"Matt Svanson","SIRP","STL",,0,"26.1138888","",,,,"","","","",,,"35+","sa3017070"
"Lieberts Aponte","SS","CIN",,0,"17.3416666","20 / 40",,30,,"20 / 30","20 / 35","55 / 55","45 / 60",,,"35+",
"Cooper Bowman","CF","CIN",,0,"25.1277777","40 / 45",45,55,"Pull","30 / 35","45 / 50","60 / 60","50 / 55","2B/CF",0.28,"35+","sa3016966"
"Nick Mitchell","RF","CLE",,0,"21.5222222","35 / 55",50,60,"GapToGap","30 / 35","40 / 40","50 / 50","30 / 40",,0.23,"35+","sa3025315"
"Jose Vasquez","SIRP","LAD",,0,"20.2472222","",,,,"","","","",,,"35+","sa3022116"
"Elorky Rodriguez","LF","TEX",,0,"17.2083333","25 / 55",,55,,"20 / 40","40 / 45","45 / 45","30 / 50",,,"35+",
"Kevin Defrank","SP","MIA",,0,"16.5833333","",,,,"","","","",,,"35+",
"Echedry Vargas","2B","MIA",,0,"20.0388888","20 / 30",20,50,"Pull","35 / 45","40 / 45","55 / 55","40 / 50",,0.33,"35+","sa3018565"
"Liam Hicks","C","MIA",,0,"25.775","55 / 60",55,70,"GapToGap","30 / 30","30 / 30","30 / 30","30 / 40","C/1B",0.25,"35+","sa3017400"
"Luarbert Arias","SP","MIA",,0,"24.2472222","",,,,"","","","",,,"35+","sa3007599"
"Justin Hagenman","SP","NYM",,0,"28.4277777","",,,,"","","","",,,"35","sa3008022"
"Blake Mitchell","C","KCR",,0,"20.6055555","20 / 30",55,30,"Pull","25 / 55","50 / 60","45 / 35","30 / 50",,0.36,"45+","sa3022756"
"Charlie Condon","3B","COL",,2,"21.9083333","30 / 30",40,30,"PoleToPole","30 / 60","70 / 70","40 / 40","30 / 40","3B/LF",0.36,"45+","sa3025257"
"Josuar De Jesus Gonzalez","SS","SFG",,3,"17.2472222","20 / 50",,45,"GapToGap","40 / 55","45 / 55","60 / 60","40 / 50","SS/CF",,"45+",
"Christian Moore","2B","LAA",,3,"22.3888888","30 / 40",40,40,"PoleToPole","40 / 55","60 / 60","50 / 50","30 / 40",,0.51,"45+","sa3025168"
"Spencer Jones","CF","NYY",,3,"23.825","20 / 30",50,30,"Oppo","50 / 60","70 / 70","60 / 60","40 / 45",,0.57,"45+","sa3019969"
"Cam Caminiti","SP","ATL",,3,"18.5916666","",,,,"","","","",,,"45+","sa3025607"
"Brody Brecht","SP","COL",,3,"22.4555555","",,,,"","","","",,,"45+",
"Konnor Griffin","RF","PIT",,0,"18.8805555","20 / 40",50,40,"InsideOut","20 / 55","55 / 60","70 / 70","35 / 55",,,"45+","sa3065496"
"Jansel Luis","SS","ARI",,4,"20.0138888","20 / 40",30,50,"PoleToPole","25 / 55","45 / 60","50 / 50","40 / 55","2B/3B/SS",0.34,"45+","sa3018508"
"Denzel Clarke","CF","ATH",,4,"24.8611111","20 / 30",40,30,"InsideOut","40 / 45","60 / 70","70 / 70","60 / 70","LF/CF",0.48,"45+","sa3017426"
"Owen Murphy","SP","ATL",,4,"21.4555555","",,,,"","","","",,,"45+","sa3020330"
"Jared Serna","2B","MIA",,0,"22.7777777","35 / 50",45,55,"PoleToPole","30 / 50","45 / 50","60 / 60","45 / 60","2B/SS/LF",0.46,"45+","sa3015579"
"James Tibbs III","RF","SFG",,4,"22.4444444","35 / 45",40,50,"PoleToPole","35 / 50","50 / 50","50 / 50","40 / 50","LF/RF",0.37,"45","sa3025333"
"Nelson Rada","CF","LAA",,4,"19.5444444","25 / 50",50,45,"Slash&Dash","20 / 30","30 / 40","60 / 60","45 / 60","LF/CF/RF",0.27,"45","sa3018421"
"George Lombard Jr.","SS","NYY",,4,"19.775","20 / 40",50,55,"GapToGap","20 / 50","45 / 55","55 / 55","40 / 50",,0.37,"45","sa3023233"
"Jean Cabrera","SP","PHI",,4,"23.3916666","",,,,"","","","",,,"45","sa3015433"
"Adael Amador","2B","COL",,4,"21.9166666","45 / 55",55,60,"Pull/Gaps","30 / 40","40 / 40","40 / 40","40 / 40",,0.36,"45","27962"
"Winston Santos","SP","TEX",,0,"22.9055555","",,,,"","","","",,,"45","sa3015952"
"Trey Yesavage","SP","TOR",,0,"21.6194444","",,,,"","","","",,,"45","sa3045705"
"Tekoah Roby","MIRP","STL",,0,"23.4805555","",,,,"","","","",,,"40+","sa3014519"
"Diego Tornes","LF","ATL",,5,"16.6888888","25 / 50",,55,,"25 / 60","50 / 60","45 / 40","30 / 40",,,"45+","sa3066458"
"James Triantos","2B","CHC",,5,"22.1166666","55 / 70",40,70,"PoleToPole","30 / 35","40 / 40","50 / 50","35 / 40","2B/LF",0.31,"45","sa3017295"
"Marco Raya","MIRP","MIN",,0,"22.5944444","",,,,"","","","",,,"45","sa3014550"
"Gino Groover","3B","ARI",,5,"22.9027777","40 / 50",45,55,"InsideOut","35 / 45","40 / 45","55 / 55","35 / 50","1B/2B/3B",0.31,"45","sa3022887"
"Trevor McDonald","SP","SFG",,5,"24.0416666","",,,,"","","","",,,"45","26448"
"J.T. Ginn","SP","ATH",,5,"25.8083333","",,,,"","","","",,,"45","27889"
"Sam Aldegheri","SP","LAA",,5,"23.5055555","",,,,"","","","",,,"45","26443"
"Cam Schlittler","SP","NYY",,5,"24.1","",,,,"","","","",,,"45","sa3021981"
"Eduardo Tait","C","PHI",,5,"18.5388888","20 / 40",40,40,"Pull","25 / 55","50 / 60","30 / 30","30 / 40",,0.39,"45","sa3022162"
"Yanquiel Fernandez","RF","COL",,5,"22.1944444","30 / 40",30,40,"GapToGap","45 / 55","60 / 70","40 / 30","30 / 40","LF/RF",0.44,"45","sa3015648"
"Moises Ballesteros","C","CHC",,6,"21.3416666","40 / 50",40,50,"InsideOut","40 / 50","50 / 50","20 / 20","30 / 40","C/1B",0.38,"45","sa3015713"
"Demetrio Crisantes","2B","ARI",,6,"20.5166666","35 / 55",50,55,"InsideOut","30 / 40","40 / 45","40 / 40","35 / 60","1B/2B/3B",0.36,"45","sa3021051"
"Mason Barnett","SP","ATH",,6,"24.3444444","",,,,"","","","",,,"45","sa3020622"
"Elmer Rodriguez-Cruz","SP","NYY",,6,"21.5638888","",,,,"","","","",,,"45","sa3019459"
"Hurston Waldrep","SP","ATL",,6,"23.0277777","",,,,"","","","",,,"45","33527"
"Brandon Young","SP","BAL",,0,"26.5611111","",,,,"","","","",,,"45","sa3014926"
"Carson Palmquist","SP","COL",,6,"24.4","",,,,"","","","",,,"45","sa3020473"
"Carson Seymour","MIRP","SFG",,6,"26.2361111","",,,,"","","","",,,"40+","sa3017868"
"Samy Natera Jr.","SIRP","LAA",,6,"25.35","",,,,"","","","",,,"40+","sa3020862"
"Aroon Escobar","2B","PHI",,6,"20.1944444","35 / 55",50,60,"GapToGap","30 / 50","45 / 50","50 / 50","30 / 45","2B/3B",0.48,"40+","sa3018463"
"Brayden Taylor","3B","TBR",,7,"22.8027777","30 / 35",60,30,"Pull","35 / 55","45 / 50","50 / 50","55 / 60","2B/3B/SS",0.36,"45+","sa3022921"
"Zyhir Hope","LF","LAD",,0,"18.7","20 / 40",50,35,"Oppo","25 / 60","65 / 70","60 / 60","30 / 35",,0.45,"45+","sa3022703"
"Bryce Rainer","SS","DET",,7,"19.6888888","20 / 40",50,40,"InsideOut","25 / 55","45 / 60","55 / 55","40 / 55",,,"45+","sa3066592"
"Owen Caissie","RF","CHC",,7,"22.675","30 / 35",60,30,"InsideOut","55 / 60","60 / 70","40 / 30","30 / 50","LF/RF",0.43,"45","sa3014465"
"Adriel Radney","CF","ARI",,7,"17.7166666","20 / 50",50,50,"Grounders","20 / 50","40 / 60","60 / 55","40 / 50","OF",0.21,"45","sa3023886"
"Steven Echavarria","SP","ATH",,7,"19.5972222","",,,,"","","","",,,"45","sa3023560"
"Edgleen Perez","C","NYY",,7,"18.7944444","25 / 50",70,50,"GapToGap","20 / 45","40 / 45","40 / 40","45 / 55",,0.45,"45","sa3021330"
"Nacho Alvarez Jr.","3B","ATL",,7,"21.9166666","45 / 60",80,55,"InsideOut","30 / 35","40 / 40","30 / 30","55 / 60",,0.34,"45","31765"
"Gabriel Hughes","SP","COL",,7,"23.5527777","",,,,"","","","",,,"45","sa3020661"
"Emiliano Teodo","SIRP","TEX",,0,"24.075","",,,,"","","","",,,"45","sa3015158"
"Joe Whitman","SP","SFG",,7,"23.4833333","",,,,"","","","",,,"40+","sa3023131"
"Barrett Kent","SP","LAA",,7,"20.45","",,,,"","","","",,,"40+","sa3023082"
"Michael Mercado","MIRP","PHI",,7,"25.9055555","",,,,"","","","",,,"40+","23223"
"Gary Gill Hill","SP","TBR",,8,"20.475","",,,,"","","","",,,"45+","sa3020972"
"Brandon Birdsell","SP","CHC",,8,"24.9666666","",,,,"","","","",,,"45","sa3020797"
"Ryan Sloan","SP","SEA",,0,"19.1166666","",,,,"","","","",,,"45",
"Cristian Mena","SP","ARI",,8,"22.2222222","",,,,"","","","",,,"45","27974"
"Chase Hampton","SP","NYY",,8,"23.5944444","",,,,"","","","",,,"45","sa3020682"
"Drue Hackenberg","SP","ATL",,8,"22.9444444","",,,,"","","","",,,"45","sa3023304"
"Jordy Vargas","SP","COL",,8,"21.3472222","",,,,"","","","",,,"45","sa3016052"
"Dax Fulton","SP","MIA",,0,"23.4027777","",,,,"","","","",,,"45","sa3014535"
"Trey Sweeney","SS","DET",,8,"24.8805555","40 / 40",60,40,"PoleToPole","40 / 45","55 / 55","40 / 40","40 / 45",,0.46,"45","29575"
"Jhonny Level","2B","SFG",,8,"17.95","25 / 50",50,50,"GapToGap","25 / 50","45 / 50","50 / 50","30 / 50",,0.31,"40+","sa3023898"
"Max Muncy","SS","ATH",,8,"22.5444444","30 / 40",40,40,"InsideOut","35 / 45","50 / 55","50 / 50","45 / 50","2B/SS",0.43,"40+","sa3017290"
"Denzer Guzman","SS","LAA",,8,"21.0916666","20 / 30",40,30,"InsideOut","30 / 40","45 / 55","60 / 60","45 / 60",,0.32,"40+","sa3015711"
"Justin Crawford","CF","PHI",,8,"21.1611111","30 / 50",40,40,"InsideOut","20 / 30","45 / 55","70 / 70","40 / 45","OF",0.42,"40+","sa3020240"
"Theo Gillen","CF","TBR",,9,"19.4972222","25 / 60",50,60,"GapToGap","20 / 50","45 / 50","55 / 55","30 / 40",,,"45+","sa3025565"
"Tommy Troy","SS","ARI",,9,"23.15","30 / 35",55,30,"Oppo","30 / 45","45 / 50","80 / 80","40 / 50","2B/3B/SS",0.36,"45","sa3022561"
"JR Ritchie","SP","ATL",,9,"21.7083333","",,,,"","","","",,,"45","sa3020395"
"Sterlin Thompson","LF","COL",,9,"23.7083333","40 / 50",40,55,"PoleToPole","40 / 50","50 / 50","40 / 40","30 / 30","1B/LF",0.37,"45","sa3019999"
"Jace Jung","3B","DET",,9,"24.4361111","30 / 40",45,40,"PoleToPole","45 / 55","55 / 55","30 / 30","30 / 40",,0.36,"45","31437"
"Eriandys Ramon","3B","CHC",,9,"22.1777777","30 / 50",30,55,"GapToGap","30 / 45","35 / 45","40 / 40","35 / 60","1B/2B/3B/SS",0.32,"40+","sa3022256"
"Rayner Arias","RF","SFG",,9,"18.8666666","20 / 40",50,30,"InsideOut","20 / 55","45 / 60","60 / 50","35 / 60","LF/RF",0.24,"40+","sa3021076"
"Tommy White","3B","ATH",,9,"22.025","30 / 40",30,50,"InsideOut","40 / 55","60 / 60","40 / 40","40 / 50","1B/3B",0.32,"40+","sa3025383"
"Joel Hurtado","SIRP","LAA",,9,"24.0972222","",,,,"","","","",,,"40+","sa3019774"
"Bryce Cunningham","SP","NYY",,9,"22.225","",,,,"","","","",,,"40+",
"Alex McFarlane","SIRP","PHI",,9,"23.7555555","",,,,"","","","",,,"40+","sa3020633"
"Juan Nuñez","SP","SDP",,0,"24.2611111","",,,,"","","","",,,"40+","sa3015464"
"Tyler Callihan","2B","CIN",,0,"24.7194444","30 / 40",40,40,"Pull","40 / 45","55 / 55","50 / 50","30 / 35","2B/LF",0.42,"35+","sa1169610"
"Brailer Guerrero","RF","TBR",,10,"18.7111111","20 / 40",45,45,"Oppo","25 / 55","50 / 60","45 / 40","30 / 50",,0.43,"45+","sa3021072"
"Ryan Waldschmidt","LF","ARI",,10,"22.4277777","30 / 40",55,40,"PoleToPole","30 / 55","55 / 60","60 / 60","30 / 45",,0.32,"45","sa3025261"
"Austin Charles","3B","KCR",,0,"21.3277777","20 / 35",20,40,"Pull","20 / 55","45 / 60","55 / 55","40 / 55",,0.33,"45","sa3020497"
"Lucas Braun","SP","ATL",,10,"23.5416666","",,,,"","","","",,,"45","sa3022996"
"Jaden Hamm","SP","DET",,10,"22.5166666","",,,,"","","","",,,"45","sa3023134"
"Jack Neely","SIRP","CHC",,10,"24.7666666","",,,,"","","","",,,"40+","30106"
"Reggie Crawford","SIRP","SFG",,10,"24.2694444","",,,,"","","","",,,"40+","sa3020457"
"Kade Morris","MIRP","ATH",,10,"22.7222222","",,,,"","","","",,,"40+","sa3023206"
"Chris Cortez","SIRP","LAA",,10,"22.4305555","",,,,"","","","",,,"40+",
"Ben Hess","SP","NYY",,10,"22.5222222","",,,,"","","","",,,"40+",
"Robert Calaz","RF","COL",,10,"19.3027777","20 / 30",40,40,"InsideOut","25 / 55","60 / 70","40 / 40","35 / 60",,0.4,"40+","sa3021078"
"PJ Morlando","LF","MIA",,0,"19.8194444","20 / 50",55,50,"Pull","25 / 70","60 / 70","45 / 45","30 / 50",,,"40+","sa3025199"
"Griffin Burkholder","CF","PHI",,10,"19.5305555","20 / 40",50,45,"GapToGap","25 / 50","40 / 55","70 / 70","40 / 50","OF",,"40","sa3025418"
"Joe Rock","SP","TBR",,11,"24.6166666","",,,,"","","","",,,"45","sa3017755"
"Owen Hall","SP","DET",,11,"19.325","",,,,"","","","",,,"45","sa3066594"
"Jaxon Wiggins","SIRP","CHC",,11,"23.4388888","",,,,"","","","",,,"40+","sa3023635"
"Yordin Chalas","SIRP","ARI",,11,"21.1083333","",,,,"","","","",,,"40+","sa3021508"
"Chen-Wei Lin","SP","STL",,0,"23.3027777","",,,,"","","","",,,"40+","sa3022876"
"Grant Holman","SIRP","ATH",,11,"24.7805555","",,,,"","","","",,,"40+","30002"
"Ryan Johnson","MIRP","LAA",,11,"22.6","",,,,"","","","",,,"40+",
"Henry Lalane","SP","NYY",,11,"20.8138888","",,,,"","","","",,,"40+","sa3016066"
"Didier Fuentes","SP","ATL",,11,"19.7333333","",,,,"","","","",,,"40+","sa3018841"
"Luis Peralta","SIRP","COL",,11,"24.1805555","",,,,"","","","",,,"40+","24203"
"Carson Ragsdale","SP","SFG",,11,"26.7944444","",,,,"","","","",,,"40","sa3014922"
"Dante Nori","CF","PHI",,11,"20.4277777","20 / 45",50,40,"SlashAndDash","20 / 30","30 / 35","70 / 70","45 / 60","OF",0.06,"40","sa3025411"
"Felix Arronde","SP","KCR",,0,"21.8777777","",,,,"","","","",,,"45","sa3016526"
"Jackson Baumeister","SP","TBR",,12,"22.6694444","",,,,"","","","",,,"45","sa3023471"
"Cris Rodriguez","RF","DET",,12,"17.1194444","20 / 40",,40,,"25 / 60","60 / 70","50 / 40","30 / 55",,,"45","sa3066593"
"Nazier Mulé","SIRP","CHC",,12,"20.4055555","",,,,"","","","",,,"40+","sa3023566"
"Slade Caldwell","CF","ARI",,12,"18.7305555","25 / 55",55,60,"GapToGap","20 / 35","40 / 45","70 / 70","45 / 55","LF/CF",,"40+",
"Boston Baro","3B","NYM",,0,"20.55","20 / 50",50,45,"GapToGap","20 / 50","30 / 50","50 / 50","35 / 60",,0.23,"40+","sa3022962"
"Walbert Urena","SIRP","LAA",,12,"21.1277777","",,,,"","","","",,,"40+","sa3018298"
"Jesus Rodriguez","3B","NYY",,12,"22.8833333","40 / 50",40,50,"Oppo","35 / 45","50 / 50","30 / 30","30 / 50","C/1B/3B/LF",0.41,"40+","sa3008916"
"Jose Perdomo","3B","ATL",,12,"18.475","25 / 50",,,,"25 / 55","45 / 55","40 / 40","30 / 50",,,"40+","sa3025104"
"Zach Agnos","MIRP","COL",,12,"24.5722222","",,,,"","","","",,,"40+","sa3020560"
"Deyvison De Los Santos","DH","MIA",,0,"21.7222222","30 / 35",30,40,"PoleToPole","45 / 60","70 / 70","40 / 30","30 / 30","1B/3B",0.46,"40+","sa3015168"
"Logan Henderson","SIRP","MIL",,0,"23.025","",,,,"","","","",,,"40+","sa3020080"
"Mason Black","SP","SFG",,12,"25.2527777","",,,,"","","","",,,"40","30171"
"Josh Kuroda-Grauer","2B","ATH",,12,"22.1138888","35 / 55",45,60,"Oppo","25 / 30","40 / 45","50 / 50","45 / 50","2B/SS",0.3,"40","sa3025386"
"Bryan Rincon","SS","PHI",,12,"21.0916666","30 / 40",60,40,"Poles/Gaps","30 / 45","45 / 50","50 / 50","45 / 55",,0.33,"40","sa3020221"
"Omar Cruz","MIRP","SDP",,0,"26.125","",,,,"","","","",,,"40","sa3006971"
"Cooper Kinney","2B","TBR",,13,"22.1222222","30 / 45",50,45,"InsideOut","30 / 50","50 / 55","40 / 40","40 / 45","1B/2B/3B",0.43,"45","sa3017793"
"Sawyer Gipson-Long","SP","DET",,13,"27.2472222","",,,,"","","","",,,"45","26048"
"Juan Tomas","SS","CHC",,13,"17.2861111","20 / 35",,40,,"20 / 50","35 / 60","60 / 60","30 / 45",,,"40+",
"JD Dix","SS","ARI",,13,"19.4138888","20 / 45",50,50,"GapToGap","25 / 50","50 / 55","45 / 45","40 / 45",,,"40+",
"Luinder Avila","SP","KCR",,0,"23.5555555","",,,,"","","","",,,"40+","sa3006507"
"Clayton Beeter","SIRP","NYY",,13,"26.4222222","",,,,"","","","",,,"40+","27494"
"Garrett Baumann","SP","ATL",,13,"20.5722222","",,,,"","","","",,,"40+","sa3023310"
"Seth Halvorsen","SIRP","COL",,13,"25.0638888","",,,,"","","","",,,"40+","33294"
"Sabin Ceballos","3B","SFG",,13,"22.5666666","30 / 45",60,40,"GapToGap","30 / 40","45 / 45","40 / 40","35 / 60",,0.29,"40","sa3022500"
"Edgar Montero","SS","ATH",,13,"18.3055555","20 / 50",60,50,"GapTo Gap","20 / 50","40 / 50","40 / 40","35 / 50",,0.28,"40","sa3024109"
"Juan Flores","C","LAA",,13,"19.0777777","20 / 35",40,40,"GapToGap","20 / 30","30 / 40","20 / 20","45 / 60",,0.34,"40","sa3021185"
"Mick Abel","SIRP","PHI",,13,"23.5638888","",,,,"","","","",,,"40","sa3014534"
"Noah Cameron","SP","KCR",,0,"25.65","",,,,"","","","",,,"45","sa3018097"
"Dominic Keegan","1B","TBR",,14,"24.6111111","35 / 40",50,40,"InsideOut","35 / 50","60 / 60","40 / 30","40 / 50",,0.44,"45","sa3020194"
"Maximo Acosta","SS","MIA",,0,"22.3666666","35 / 55",50,55,"GapToGap","30 / 40","40 / 45","50 / 45","40 / 50","2B/SS",0.4,"45","sa3014711"
"Abdias De La Cruz","RF","ARI",,14,"20.3555555","30 / 50",50,45,"InsideOut","20 / 50","40 / 55","60 / 60","30 / 55",,0.34,"40+","sa3019401"
"Eric Reyzelman ","SIRP","NYY",,14,"23.7055555","",,,,"","","","",,,"40+","sa3020611"
"Blake Burkhalter","SIRP","ATL",,14,"24.4777777","",,,,"","","","",,,"40+","sa3020382"
"Juan Mejia","SIRP","COL",,14,"24.6861111","",,,,"","","","",,,"40+","sa3003159"
"Hao-Yu Lee","2B","DET",,14,"22.1055555","30 / 40",50,40,"GapToGap","30 / 50","55 / 55","40 / 30","30 / 40","2B/3B",0.39,"40+","sa3017863"
"Pablo Aliendo","C","CHC",,14,"23.7833333","30 / 35",30,40,"Pull","30 / 45","50 / 55","40 / 40","30 / 45",,0.41,"40","sa3006220"
"Anthony Marquez","SS","SFG",,14,"18.4666666","25 / 55",50,60,"SlashAndDash","20 / 30","20 / 30","60 / 60","40 / 55","2B/SS",0.17,"40","sa3023960"
"Ayden Johnson","3B","ATH",,14,"17.0777777","20 / 40",,45,,"25 / 55","45 / 55","50 / 50","30 / 50",,,"40",
"Dylan Jordan","SP","LAA",,14,"19.4055555","",,,,"","","","",,,"40",
"Gabriel Rincones Jr.","LF","PHI",,14,"24.0222222","30 / 35",60,30,"GapToGap","35 / 50","55 / 60","40 / 40","40 / 50","LF/RF",0.53,"40","sa3020758"
"Santiago Suarez","SP","TBR",,15,"20.1666666","",,,,"","","","",,,"45","sa3019386"
"Druw Jones","CF","ARI",,15,"21.2861111","20 / 30",50,30,"Oppo","20 / 45","40 / 55","55 / 55","45 / 60","OF",0.35,"40+","sa3020676"
"Roderick Arias","SS","NYY",,15,"20.5055555","20 / 30",55,30,"GapToGap","30 / 50","50 / 60","50 / 50","30 / 45",,0.39,"40+","sa3019674"
"Raudy Reyes","SIRP","ATL",,15,"16.5527777","",,,,"","","","",,,"40+","sa3066459"
"Welinton Herrera","SIRP","COL",,15,"20.9388888","",,,,"","","","",,,"40+","sa3016061"
"Tyler Mattison","SIRP","DET",,15,"25.5166666","",,,,"","","","",,,"40+","sa3018117"
"Christian Franklin","CF","CHC",,15,"25.2805555","35 / 50",60,40,"Oppo","35 / 40","50 / 50","50 / 50","50 / 50","OF",0.41,"40","sa3017510"
"Trent Harris","SIRP","SFG",,15,"26.1361111","",,,,"","","","",,,"40","sa3022526"
"Shotaro Morii","TWP","ATH",,15,"18.2388888","20 / 45",,45,,"20 / 50","40 / 50","45 / 45","40 / 45",,,"40",
"Dario Laverde","C","LAA",,15,"20.0416666","20 / 45",40,55,"Pull","25 / 45","40 / 50","20 / 20","30 / 45",,0.21,"40","sa3018470"
"Leandro Pineda","RF","PHI",,15,"22.7694444","30 / 40",40,40,"GapToGap","40 / 50","50 / 55","40 / 40","30 / 40","LF/RF",0.39,"40","sa3008905"
"Mason Montgomery","SIRP","TBR",,16,"24.7333333","",,,,"","","","",,,"45","29770"
"Dexters Peralta","SS","NYY",,16,"17.6666666","20 / 45",40,40,"GapToGap","20 / 50","30 / 55","50 / 60","40 / 50",,0.18,"40+","sa3023745"
"Zac Veen","RF","COL",,16,"23.2472222","30 / 40",55,40,"Oppo","40 / 45","55 / 60","70 / 70","50 / 60","LF/RF",0.4,"40+","sa3014516"
"Connor Noland","SP","CHC",,16,"25.6416666","",,,,"","","","",,,"40","sa3020834"
"Joe Elbis","SP","ARI",,16,"22.4638888","",,,,"","","","",,,"40","sa3015216"
"Nate Furman","2B","SFG",,16,"23.6333333","55 / 60",60,60,"Oppo","30 / 30","30 / 30","60 / 60","30 / 40","2B/LF",0.38,"40","sa3020763"
"Brady Basso","SP","ATH",,16,"27.425","",,,,"","","","",,,"40","25582"
"Joswa Lugo","SS","LAA",,16,"18.1305555","20 / 40",40,40,"Pull","20 / 55","40 / 60","60 / 60","40 / 50",,0.43,"40","sa3023894"
"Nick Montgomery","C","ATL",,16,"19.3444444","20 / 40",40,40,"Pull","20 / 50","45 / 60","40 / 40","35 / 60",,,"40","sa3066457"
"Seth Johnson","SIRP","PHI",,16,"26.4777777","",,,,"","","","",,,"40","26020"
"Jake Miller","MIRP","DET",,16,"23.7055555","",,,,"","","","",,,"40","sa3020408"
"Ian Seymour","MIRP","TBR",,17,"26.2444444","",,,,"","","","",,,"45","sa3014512"
"Connor Prielipp","SIRP","MIN",,0,"24.1694444","",,,,"","","","",,,"40+","sa3020808"
"Ruben Castillo","CF","NYY",,17,"17.1861111","20 / 40",,40,,"20 / 50","40 / 55","60 / 60","40 / 50",,,"40+",
"Cole Carrigg","CF","COL",,17,"22.8416666","30 / 40",45,40,"Pull","30 / 45","40 / 45","55 / 55","45 / 50","SS/OF",0.33,"40+","sa3022596"
"Jonathon Long","1B","CHC",,17,"23.1416666","30 / 40",50,40,"InsideOut","30 / 55","60 / 60","40 / 40","30 / 40","1B/LF",0.48,"40","sa3022864"
"Yu-Min Lin","SP","ARI",,17,"21.6638888","",,,,"","","","",,,"40","sa3019278"
"Wade Meckler","CF","SFG",,17,"24.8888888","50 / 55",60,60,"Oppo","30 / 35","30 / 35","50 / 50","40 / 40","OF",0.29,"40","31490"
"Will Johnston","SP","ATH",,17,"24.2472222","",,,,"","","","",,,"40","sa3022940"
"Gabriel Davalillo","C","LAA",,17,"17.3472222","20 / 30",,30,,"20 / 50","45 / 60","30 / 30","40 / 50",,,"40",
"Luke Sinnard","SP","ATL",,17,"22.3888888","",,,,"","","","",,,"40","sa3042362"
"Petey Halpin","CF","CLE",,0,"22.7916666","35 / 55",45,60,"InsideOut","30 / 40","35 / 40","60 / 60","40 / 50","OF",0.37,"40","sa3014461"
"Christian McGowan","SIRP","PHI",,17,"25.0111111","",,,,"","","","",,,"40","sa3017896"
"Ethan Schiefelbein","SP","DET",,17,"18.9166666","",,,,"","","","",,,"40","sa3066595"
"Carlos Lagrange","SIRP","NYY",,18,"21.7944444","",,,,"","","","",,,"40+","sa3019390"
"Ty Johnson","SP","TBR",,18,"23.4611111","",,,,"","","","",,,"40+","sa3023410"
"Michael Kennedy","SP","CLE",,0,"20.2805555","",,,,"","","","",,,"40+","sa3021728"
"Kelvin Hidalgo","SS","COL",,18,"20.0277777","20 / 30",50,30,"Oppo","25 / 50","45 / 60","50 / 50","30 / 50",,0.42,"40+","sa3018472"
"Hunter Dobbins","SP","BOS",,0,"25.5305555","",,,,"","","","",,,"40+","sa3018275"
"Cole Mathis","1B","CHC",,18,"21.6277777","35 / 55",50,55,"GapToGap","35 / 45","50 / 55","50 / 45","40 / 55",,,"40",
"Yassel Soler","3B","ARI",,18,"19.125","25 / 50",30,60,"GapToGap","25 / 50","50 / 60","40 / 40","30 / 40","1B/3B",0.33,"40","sa3022281"
"Charlie Szykowny","3B","SFG",,18,"24.6972222","40 / 50",30,55,"PoleToPole","40 / 45","45 / 45","40 / 40","30 / 40","1B/3B",0.32,"40","sa3022689"
"Cole Miller","SP","ATH",,18,"19.8583333","",,,,"","","","",,,"40",
"Garrett McDaniels","SIRP","LAA",,18,"25.2388888","",,,,"","","","",,,"40","sa3020619"
"Carter Holton","SP","ATL",,18,"22.5194444","",,,,"","","","",,,"40","sa3025599"
"Andrew Baker","SIRP","PHI",,18,"24.9638888","",,,,"","","","",,,"40","sa3017196"
"Ty Madden","SP","DET",,18,"25.0555555","",,,,"","","","",,,"40","30140"
"Ryan Bergert","SIRP","SDP",,0,"25.0083333","",,,,"","","","",,,"40","sa3017418"
"Adrian Santana","SS","TBR",,19,"19.6472222","20 / 45",40,50,"GapToGap","20 / 45","30 / 45","60 / 60","40 / 55","2B/SS",0.17,"40+","sa3022890"
"Ashly Andujar","SS","COL",,19,"17.6166666","25 / 55",40,55,"SlashAndDash","20 / 45","20 / 40","60 / 60","45 / 55",,0.15,"40+","sa3023890"
"Brody McCullough","SP","CHC",,19,"24.6972222","",,,,"","","","",,,"40","sa3020599"
"Dylan Ray","SP","ARI",,19,"23.8388888","",,,,"","","","",,,"40","sa3020392"
"Jack Choate","MIRP","SFG",,19,"23.8972222","",,,,"","","","",,,"40","sa3020407"
"Ryan Lasko","CF","ATH",,19,"22.7138888","20 / 30",45,40,"PoleToPole","30 / 40","50 / 55","60 / 60","50 / 55","OF",0.36,"40","sa3022539"
"Mitch Farris","SP","LAA",,19,"24.075","",,,,"","","","",,,"40","sa3022912"
"J.C. Escarra","C","NYY",,19,"29.8805555","50 / 50",50,50,"Pull","30 / 30","40 / 40","30 / 30","60 / 60","C/1B/3B/LF",0.44,"40","sa738605"
"Davis Polo","SP","ATL",,19,"20.3722222","",,,,"","","","",,,"40","sa3019637"
"Josh Hartle","SP","CLE",,0,"21.9638888","",,,,"","","","",,,"40","sa3025623"
"Wen-Hui Pan","SIRP","PHI",,19,"22.4777777","",,,,"","","","",,,"40","sa3020878"
"Yosber Sanchez","SIRP","DET",,19,"23.8027777","",,,,"","","","",,,"40","sa3011636"
"Jhostynxon Garcia","RF","BOS",,0,"22.25","30 / 35",30,40,"PoleToPole","30 / 60","55 / 65","55 / 50","30 / 55","OF",0.38,"45+","sa3015523"
"Aidan Smith","CF","TBR",,20,"20.6333333","30 / 40",50,40,"InsideOut","30 / 45","45 / 55","60 / 60","30 / 45","OF",0.36,"40+","sa3022611"
"Gage Workman","3B","CHC",,20,"25.3805555","20 / 20",30,40,"PoleToPole","30 / 40","50 / 55","55 / 55","60 / 70","3B/SS",0.44,"40","sa3014441"
"Spencer Giesting","MIRP","ARI",,20,"23.6916666","",,,,"","","","",,,"40","sa3020402"
"Carlos Pacheco","CF","ATH",,20,"20.3611111","25 / 55",50,50,"Pull","20 / 40","35 / 45","60 / 60","40 / 50","OF",0.23,"40","sa3018455"
"Capri Ortiz","SS","LAA",,20,"19.9444444","20 / 35",55,35,"GapToGap","20 / 30","30 / 40","70 / 70","45 / 60",,0.16,"40","sa3018473"
"Rafael Flores","C","NYY",,20,"24.3444444","30 / 30",40,30,"PoleToPole","30 / 45","55 / 60","40 / 40","40 / 40","C/1B",0.54,"40","sa3020243"
"Ethan Bagwell","SP","ATL",,20,"19.0472222","",,,,"","","","",,,"40","sa3025661"
"Drew Romo","C","COL",,20,"23.5333333","40 / 50",30,60,"Pull","30 / 30","40 / 40","40 / 40","50 / 50",,0.27,"40","27763"
"Kelvis Salcedo","SP","DET",,20,"19.1333333","",,,,"","","","",,,"40","sa3021531"
"Dakota Jordan","CF","SFG",,20,"21.8388888","20 / 30",45,30,"Oppo","30 / 50","60 / 70","70 / 70","30 / 50","LF/RF",,"35+","sa3025601"
"Devin Saltiban","CF","PHI",,20,"20.075","20 / 30",50,30,"Pull","25 / 55","45 / 55","60 / 60","20 / 45",,0.35,"35+","sa3022827"
"Jose Urbina","SP","TBR",,21,"19.3583333","",,,,"","","","",,,"40+","sa3022218"
"Yahil Melendez","SS","CHC",,21,"19.5166666","20 / 50",40,40,"Pull","20 / 45","30 / 50","50 / 40","40 / 45","3B/SS",0.47,"40","sa3022692"
"Will Klein","SIRP","SEA",,0,"25.2861111","",,,,"","","","",,,"40","27787"
"Jorge Barrosa","CF","ARI",,21,"24.0666666","55 / 60",40,60,"GapToGap","30 / 30","30 / 30","55 / 55","50 / 50","OF",0.31,"40","23968"
"Shane Smith","SIRP","CHW",,0,"24.9361111","",,,,"","","","",,,"40","sa3020469"
"Jack Perkins","SIRP","ATH",,21,"25.2083333","",,,,"","","","",,,"40","sa3020076"
"Michael Darrell-Hicks","SIRP","LAA",,21,"27.3277777","",,,,"","","","",,,"40","sa3020438"
"Everson Pereira","CF","NYY",,21,"23.9194444","30 / 30",50,30,"Oppo","40 / 50","60 / 60","60 / 50","40 / 45","OF",0.42,"40","23695"
"Luis Arestigueta","SP","ATL",,21,"19.4083333","",,,,"","","","",,,"40","sa3021521"
"Jaden Hill","SIRP","COL",,21,"25.2194444","",,,,"","","","",,,"40","30250"
"Joseph Montalvo","SP","DET",,21,"22.8527777","",,,,"","","","",,,"40","sa3018802"
"Henry Baez","SP","SDP",,0,"22.4138888","",,,,"","","","",,,"35+","sa3016584"
"Bo Davidson","CF","SFG",,21,"22.6833333","20 / 30",50,30,"Oppo","30 / 45","50 / 60","50 / 50","30 / 45","OF",0.55,"35+","sa3022706"
"Enrique Segura","SP","PHI",,21,"20.2277777","",,,,"","","","",,,"35+","sa3019147"
"Trevor Harrison","SP","TBR",,22,"19.5916666","",,,,"","","","",,,"40+","sa3023629"
"Benjamin Cowles","SS","CHC",,22,"25.0722222","30 / 40",45,40,"PoleToPole","40 / 45","45 / 50","50 / 50","45 / 50","2B/3B/SS",0.38,"40","sa3016976"
"Tim Tawa","1B","ARI",,22,"25.9277777","30 / 35",40,40,"Pull","45 / 50","55 / 55","40 / 40","40 / 40","1B/2B/LF/RF",0.48,"40","sa3016970"
"Anthony Maldonado","SIRP","ATH",,22,"26.6527777","",,,,"","","","",,,"40","26034"
"Jose Fermin","SIRP","LAA",,22,"23.2861111","",,,,"","","","",,,"40","sa3023455"
"Brock Selvidge","SP","NYY",,22,"22.5361111","",,,,"","","","",,,"40","sa3017950"
"John Gil","SS","ATL",,22,"18.825","20 / 40",60,40,"GapToGap","20 / 45","45 / 50","60 / 60","45 / 55","2B/SS",0.35,"40","sa3021284"
"Mike Sirota","CF","LAD",,0,"21.7361111","30 / 40",60,40,,"35 / 50","50 / 55","60 / 60","40 / 50",,,"40",
"Andy Perez","SS","COL",,22,"20.7722222","35 / 50",30,60,"Oppo","30 / 45","35 / 50","50 / 50","40 / 50","2B/SS/3B",0.26,"40","sa3015857"
"Max Anderson","2B","DET",,22,"23.0305555","30 / 35",35,40,"Oppo","30 / 50","55 / 60","50 / 50","40 / 50",,0.45,"40","sa3022567"
"Robert Hassell III","CF","WSN",,0,"23.5722222","40 / 45",50,55,"Oppo","30 / 40","40 / 45","55 / 55","45 / 50","OF",0.34,"35+","sa3014701"
"Jose Bello","SP","SFG",,22,"19.7833333","",,,,"","","","",,,"35+","sa3021530"
"Mavis Graves","SP","PHI",,22,"21.3083333","",,,,"","","","",,,"35+","sa3021472"
"Keyner Benitez","SP","MIA",,0,"18.8","",,,,"","","","",,,"45","sa3021795"
"Dylan Lesko","SP","TBR",,23,"21.5111111","",,,,"","","","",,,"40+","sa3020677"
"Juan Cabada","SS","CHC",,23,"16.8638888","25 / 55",,55,,"20 / 45","35 / 45","55 / 55","40 / 45",,,"40",
"Pedro Catuy","CF","ARI",,23,"19.1055555","20 / 35",40,40,"GapToGap","20 / 50","40 / 60","60 / 60","45 / 60","OF",,"40","sa3021061"
"Daniel Susac","C","ATH",,23,"23.825","30 / 35",20,40,"InsideOut","35 / 45","45 / 55","30 / 30","40 / 50",,0.37,"40","sa3019997"
"Camden Minacci","SIRP","LAA",,23,"23.1583333","",,,,"","","","",,,"40","sa3022728"
"Roc Riggio","2B","NYY",,23,"22.75","30 / 40",50,40,"PoleToPole","35 / 45","50 / 55","50 / 50","45 / 60",,0.37,"40","sa3022750"
"Anderson Pilar","SIRP","ATL",,23,"27.025","",,,,"","","","",,,"40","sa917899"
"Jared Thomas","LF","COL",,23,"21.6944444","30 / 40",50,40,"GapToGap","35 / 50","50 / 60","50 / 50","30 / 40",,,"40","sa3025252"
"John Peck","SS","DET",,23,"22.6472222","30 / 35",55,40,"Oppo","35 / 45","55 / 55","45 / 45","40 / 45","2B/3B/SS",0.51,"40","sa3022896"
"Lisbel Diaz","RF","SFG",,23,"19.6444444","20 / 40",35,45,"Pull","20 / 45","45 / 55","50 / 50","30 / 50","LF/RF",0.33,"35+","sa3022399"
"Robert Moore","SS","PHI",,23,"22.9472222","30 / 40",50,45,"Poles/Pull","30 / 34","40 / 40","60 / 60","45 / 45","2B/SS",0.27,"35+","sa3019928"
"Angel Bastardo","SP","TOR",,0,"22.7305555","",,,,"","","","",,,"40+","sa3009716"
"Zac Leigh","SIRP","CHC",,24,"27.325","",,,,"","","","",,,"40","sa3017873"
"Caden Grice","SP","ARI",,24,"22.7388888","",,,,"","","","",,,"40","sa3023166"
"Jared Johnson","SIRP","ATH",,24,"23.9888888","",,,,"","","","",,,"40","sa3011626"
"Najer Victor","SIRP","LAA",,24,"23.2861111","",,,,"","","","",,,"40","sa3025330"
"Sabier Marte","SP","NYY",,24,"21.0861111","",,,,"","","","",,,"40","sa3019431"
"Owen Wild","SP","TBR",,24,"22.6138888","",,,,"","","","",,,"40","sa3023278"
"Royber Salinas","MIRP","ATL",,24,"23.9194444","",,,,"","","","",,,"40","sa3009243"
"Bradley Blalock","MIRP","COL",,24,"24.2111111","",,,,"","","","",,,"40","26419"
"Roberto Campos","RF","DET",,24,"21.7416666","30 / 45",45,45,"Pull","35 / 50","50 / 55","50 / 50","35 / 55","LF/RF",0.38,"40","sa3014683"
"Connor Thomas","MIRP","MIL",,0,"26.7833333","",,,,"","","","",,,"35+","sa3010784"
"Angel Guzman","LF","SFG",,24,"19.3222222","25 / 50",50,50,"GapToGap","20 / 50","40 / 50","50 / 50","30 / 50","LF/RF",0.42,"35+","sa3021268"
"Erick Brito","SS","PHI",,24,"22.7944444","35 / 55",30,60,"InsideOut","20 / 30","30 / 30","50 / 50","40 / 45","2B/3B/SS",0.27,"35+","sa3011753"
"Jacob Steinmetz","SP","ARI",,25,"21.6444444","",,,,"","","","",,,"40","sa3017976"
"Chalniel Arias","SP","NYY",,25,"21.5","",,,,"","","","",,,"40","sa3019370"
"Gregory Barrios","SS","TBR",,25,"20.925","35 / 55",50,60,"Oppo","20 / 30","30 / 35","60 / 60","45 / 60","2B/SS",0.13,"40","sa3015800"
"Carlos D. Rodriguez","CF","ATL",,25,"24.2611111","60 / 60",50,60,"SlashAndDash","30 / 30","35 / 35","50 / 50","50 / 50","OF",0.25,"40","sa3005478"
"Franco Aleman","SIRP","CLE",,0,"24.7083333","",,,,"","","","",,,"40","sa3018178"
"Sean Sullivan","MIRP","COL",,25,"22.6361111","",,,,"","","","",,,"40","sa3023162"
"RJ Petit","SIRP","DET",,25,"25.4666666","",,,,"","","","",,,"40","sa3017848"
"Cristian Hernandez","SS","CHC",,25,"21.2444444","20 / 30",40,20,"Oppo","30 / 40","50 / 60","55 / 55","45 / 60","2B/3B/SS",0.41,"35+","sa3015696"
"Colton Gordon","SP","HOU",,0,"26.225","",,,,"","","","",,,"35+","sa3019426"
"Marques Johnson","SIRP","SFG",,25,"24.6861111","",,,,"","","","",,,"35+","sa3020741"
"Gunnar Hoglund","SP","ATH",,25,"25.2333333","",,,,"","","","",,,"35+","sa3019785"
"Hayden Alvarez","CF","LAA",,25,"17.9777777","20 / 45",60,45,"GapToGap","20 / 40","30 / 50","60 / 60","40 / 50","LF/CF/RF",0.21,"35+","sa3023906"
"Juan Villavicencio","SS","PHI",,25,"20.2972222","30 / 45",45,45,"PoleToPole","30 / 40","30 / 40","55 / 55","40 / 50","2B/3B/SS",0.38,"35+","sa3018494"
"Luis Mey","SIRP","CIN",,0,"23.7138888","",,,,"","","","",,,"40+","sa3010130"
"Christian Cerda","C","ARI",,26,"22.2055555","30 / 40",60,40,"GapToGap","30 / 40","40 / 50","30 / 30","40 / 55",,0.32,"40","sa3015623"
"Juan Matheus","SS","NYY",,26,"20.8666666","35 / 55",50,60,"PoleToPole","30 / 40","35 / 40","55 / 55","40 / 50","2B/3B/SS",0.28,"40","sa3018611"
"Émilien Pitre","2B","TBR",,26,"22.4361111","35 / 55",55,55,"Oppo","30 / 40","40 / 45","50 / 50","45 / 60",,0.35,"40","sa3025391"
"Rolddy Munoz","SIRP","ATL",,26,"24.9083333","",,,,"","","","",,,"40","sa3011575"
"Jack Mahoney","SP","COL",,26,"23.5777777","",,,,"","","","",,,"40","sa3023157"
"Michael Massey","SIRP","DET",,26,"21.9333333","",,,,"","","","",,,"40","sa3037259"
"Fernando Cruz","SS","CHC",,26,"18.3277777","20 / 40",45,40,"GapToGap","20 / 45","40 / 55","60 / 60","45 / 60",,0.32,"35+","sa3024303"
"Jacob Bresnahan","SIRP","SFG",,26,"19.7055555","",,,,"","","","",,,"35+","sa3023066"
"Colby Thomas","LF","ATH",,26,"24.125","20 / 30",30,30,"Pull","45 / 50","55 / 55","50 / 50","50 / 50","LF",0.4,"35+","sa3020713"
"Trey Gregory-Alford","SIRP","LAA",,26,"20.8472222","",,,,"","","","",,,"35+",
"Juan Amarante","SIRP","PHI",,26,"20.9083333","",,,,"","","","",,,"35+","sa3019048"
"Brady Smith","SP","LAD",,0,"20.1222222","",,,,"","","","",,,"40+",
"Cristofer Torin","2B","ARI",,27,"19.7916666","25 / 60",55,70,"Pull","20 / 30","20 / 30","40 / 40","30 / 50","2B/3B",0.2,"40","sa3018938"
"Mani Cedeno","SS","NYY",,27,"16.575","20 / 50",,50,,"20 / 40","30 / 40","50 / 50","45 / 55",,,"40",
"Kameron Misner","CF","TBR",,27,"27.175","30 / 30",55,40,,"45 / 50","60 / 60","55 / 55","50 / 50",,,"40","26374"
"Jhancarlos  Lara","SIRP","ATL",,27,"22.1555555","",,,,"","","","",,,"40","sa3019367"
"Julio Carreras","SS","COL",,27,"25.1638888","30 / 30",40,30,"Oppo","20 / 30","40 / 40","60 / 60","55 / 60","2B/SS/3B",0.37,"40","sa3005598"
"Eli Lovich","RF","CHC",,27,"19.6083333","20 / 45",50,45,"Oppo","20 / 55","45 / 60","40 / 40","30 / 50",,,"35+",
"Brayan Narvaez","SP","SFG",,27,"20.3916666","",,,,"","","","",,,"35+","sa3022133"
"Henry Bolte","RF","ATH",,27,"21.6027777","20 / 30",40,30,"PoleToPole","30 / 40","55 / 60","80 / 80","40 / 50","LF/RF",0.51,"35+","sa3020006"
"Anyelo Marquez","2B","LAA",,27,"19.2472222","25 / 55",50,55,"Pull","20 / 40","30 / 45","40 / 40","40 / 50",,0.1,"35+","sa3021178"
"Dylan Campbell","RF","PHI",,27,"22.6916666","30 / 50",45,55,"GapToGap","30 / 45","45 / 45","50 / 50","35 / 60","LF/RF",0.31,"35+","sa3022751"
"Franyerber Montilla","SS","DET",,27,"19.9055555","30 / 45",60,45,"Pull","30 / 40","40 / 45","55 / 55","40 / 50","2B/SS",0.35,"35+","sa3018580"
"Alberto Barriga","C","ARI",,28,"20.3222222","35 / 55",60,60,"Pull","20 / 30","30 / 40","55 / 55","45 / 60","C/2B",0.32,"40","sa3018595"
"Yoendrys Gómez","MIRP","NYY",,28,"25.4055555","",,,,"","","","",,,"40","22872"
"Will Simpson","1B","TBR",,28,"23.5361111","35 / 45",40,40,"PoleToPole","40 / 50","55 / 60","30 / 30","45 / 50",,0.53,"40","sa3022530"
"Christian Cairo","SS","ATL",,28,"23.75","40 / 50",60,55,"GapToGap","20 / 30","30 / 30","50 / 50","60 / 60","2B/3B/SS",0.27,"40","sa3010028"
"Yeiker Reyes","CF","COL",,28,"19.4","20 / 55",70,50,"SlashAndDash","20 / 30","20 / 30","55 / 60","40 / 55","OF",0.15,"40","sa3021126"
"Ty Southisene","SS","CHC",,28,"19.675","20 / 40",50,55,"Oppo","20 / 35","35 / 40","60 / 60","35 / 50","2B/SS",,"35+",
"Andry Lara","SP","WSN",,0,"22.1805555","",,,,"","","","",,,"35+","sa3014716"
"Hunter Dryden","SIRP","SFG",,28,"22.7527777","",,,,"","","","",,,"35+",
"Darwin Ozuna","RF","ATH",,28,"16.9638888","20 / 30",,30,,"20 / 45","40 / 60","60 / 60","30 / 50",,,"35+",
"Yeferson Vargas","SIRP","LAA",,28,"20.6027777","",,,,"","","","",,,"35+","sa3021044"
"John Spikerman","CF","PHI",,28,"21.9416666","30 / 40",50,40,"Gaps/Oppo","30 / 40","40 / 40","60 / 60","45 / 55","OF",0.19,"35+","sa3025197"
"Luis Curvelo","SIRP","TEX",,0,"24.3888888","",,,,"","","","",,,"35+","sa3008169"
"Enrique Jimenez","C","DET",,28,"19.3555555","20 / 40",50,40,"GapToGap","20 / 40","40 / 45","30 / 30","40 / 50",,0.42,"35+","sa3021091"
"Listher Sosa","SIRP","ARI",,29,"23.5138888","",,,,"","","","",,,"40","sa3009725"
"Michael Arias","MIRP","NYY",,29,"23.3222222","",,,,"","","","",,,"40","sa3017036"
"Jake Mangum","CF","TBR",,29,"29.0083333","50 / 60",20,70,"Oppo","30 / 30","40 / 40","55 / 55","45 / 45","OF",0.39,"40","sa3011255"
"Cade Kuehler","SIRP","ATL",,29,"22.7972222","",,,,"","","","",,,"40","sa3023306"
"Roynier Hernandez","3B","COL",,29,"20.2638888","35 / 55",60,60,"GapToGap","20 / 30","30 / 30","45 / 45","45 / 60","2B/3B",0.26,"40","sa3018495"
"Ronny Cruz","SS","CHC",,29,"18.5472222","20 / 35",,40,"GapToGap","25 / 55","45 / 60","45 / 40","30 / 50",,,"35+",
"Brett Auerbach","2B","SFG",,29,"26.5388888","30 / 30",40,40,"GapToGap","30 / 40","50 / 50","55 / 55","45 / 45","2B/3B/LF/RF",0.42,"35+","sa3014941"
"Jacob Lopez","MIRP","ATH",,29,"27","",,,,"","","","",,,"35+","25098"
"Yendy Gomez","SIRP","LAA",,29,"21.2277777","",,,,"","","","",,,"35+","sa3016287"
"Carson DeMartini","3B","PHI",,29,"22.2055555","20 / 30",50,30,"Pull","35 / 50","50 / 55","40 / 40","30 / 50",,0.3,"35+","sa3025198"
"Omar Alfonzo","C","PIT",,0,"21.6055555","30 / 35",60,40,"Oppo","35 / 50","45 / 55","20 / 20","30 / 45","C/1B",0.53,"35+","sa3015665"
"Chase Lee","SIRP","DET",,29,"26.5777777","",,,,"","","","",,,"35+","sa3016946"
"Elian De La Cruz","RF","ARI",,30,"17.4611111","20 / 40",,40,,"25 / 55","50 / 60","40 / 40","30 / 50",,,"40",
"Thatcher Hurd","MIRP","NYY",,30,"22.2555555","",,,,"","","","",,,"40",
"Tanner Murray","2B","TBR",,30,"25.5222222","40 / 50",40,55,"GapToGap","40 / 45","50 / 50","40 / 40","40 / 40","1B/2B/3B/SS",0.41,"40","sa3016805"
"Yujanyer Herrera","SIRP","COL",,30,"21.5666666","",,,,"","","","",,,"40","sa3015370"
"Wilfri De La Cruz","3B","CHC",,30,"17.4888888","20 / 45",,45,,"20 / 45","40 / 50","40 / 40","30 / 50",,,"35+",
"Juan Bello","SP","HOU",,0,"20.9305555","",,,,"","","","",,,"35+","sa3019615"
"Travis Adams","SP","MIN",,0,"25.1444444","",,,,"","","","",,,"35+","sa3017991"
"Jonah Cox","CF","SFG",,30,"23.6027777","30 / 30",30,50,"Oppo","30 / 40","45 / 50","70 / 70","50 / 50","OF",0.39,"35+","sa3022541"
"Sam Stuhr","SP","ATH",,30,"22.5916666","",,,,"","","","",,,"35+",
"Keythel Key","SIRP","LAA",,30,"21.4194444","",,,,"","","","",,,"35+","sa3016282"
"Elison Joseph","SIRP","ATL",,30,"24.1305555","",,,,"","","","",,,"35+","sa3015306"
"Jaydenn  Estanista","SIRP","PHI",,30,"23.4388888","",,,,"","","","",,,"35+","sa3016230"
"Tyler Owens","SIRP","DET",,30,"24.1722222","",,,,"","","","",,,"35+","sa3011201"
"T.J. Rumfield","1B","NYY",,31,"24.8166666","50 / 55",50,55,"PoleToPole","40 / 45","45 / 45","30 / 30","40 / 40",,0.37,"40","sa3017330"
"Drew Dowd","SP","TBR",,31,"23.1888888","",,,,"","","","",,,"40","sa3023509"
"Luichi Casilla","SIRP","COL",,31,"20.2083333","",,,,"","","","",,,"40","sa3018332"
"Caleb Kilian","MIRP","CHC",,31,"27.775","",,,,"","","","",,,"35+","26213"
"Pedro Blanco","1B","ARI",,31,"17.8861111","20 / 45",50,40,"Pull","25 / 60","45 / 60","40 / 30","30 / 40","1B/LF",0.34,"35+","sa3023945"
"Diego Velasquez","SS","SFG",,31,"21.4444444","30 / 50",50,55,"Gaps/Oppo","20 / 30","40 / 40","40 / 40","40 / 45","2B/SS",0.26,"35+","sa3016144"
"Ryan Cusick","SIRP","ATH",,31,"25.3305555","",,,,"","","","",,,"35+","sa3017385"
"David Mershon","CF","LAA",,31,"21.7972222","30 / 35",40,40,"GapToGap","20 / 30","35 / 35","70 / 70","40 / 55","2B/SS/CF",0.21,"35+","sa3025335"
"Kevin Kilpatrick Jr.","CF","ATL",,31,"24.2944444","20 / 30",60,30,"Oppo","20 / 40","45 / 45","60 / 60","45 / 60","OF",0.42,"35+","sa3019891"
"Tanner Kohlhepp","SIRP","DET",,31,"25.7888888","",,,,"","","","",,,"35+","sa3022238"
"Brando Mayea","CF","NYY",,32,"19.4972222","20 / 30",50,40,"Oppo","20 / 40","35 / 45","60 / 60","45 / 60","OF",0.38,"40","sa3020679"
"Nathan Flewelling","C","TBR",,32,"18.3333333","20 / 40",40,40,"Oppo","20 / 50","45 / 60","40 / 30","30 / 40",,,"40",
"Will Sanders","SP","CHC",,32,"22.9472222","",,,,"","","","",,,"35+","sa3023508"
"Gian Zapata","CF","ARI",,32,"19.4944444","20 / 30",50,40,"InsideOut","20 / 55","45 / 55","60 / 55","40 / 50",,0.22,"35+","sa3021079"
"Maui Ahuna","SS","SFG",,32,"23","20 / 30",50,40,"Oppo","30 / 40","50 / 50","50 / 50","45 / 55","2B/SS/3B",0.49,"35+","sa3023373"
"Justin Sterner","SIRP","ATH",,32,"28.5333333","",,,,"","","","",,,"35+","27694"
"Matthew Lugo","LF","LAA",,32,"23.8388888","30 / 40",45,50,"Pull","40 / 50","50 / 55","55 / 55","45 / 50","3B/LF",0.48,"35+","sa1169598"
"Luis Guanipa","CF","ATL",,32,"19.2388888","20 / 45",50,55,"Pull","20 / 40","40 / 45","60 / 60","40 / 50","OF",0.31,"35+","sa3020884"
"Greg Jones","CF","COL",,32,"27.0111111","20 / 20",40,20,"Gaps/Oppo","30 / 30","55 / 55","80 / 80","55 / 70","2B/SS/CF",0.48,"35+","25448"
"Andrew Navigato","SS","DET",,32,"26.7861111","40 / 45",50,45,"GapToGap","40 / 45","50 / 50","45 / 45","40 / 40","2B/3B/SS/LF/RF",0.34,"35+","sa3010703"
"Carson Coleman","SIRP","NYY",,33,"26.9277777","",,,,"","","","",,,"40","sa3014857"
"Maykel Coret","RF","TBR",,33,"17.4638888","20 / 30",,30,,"25 / 50","45 / 60","55 / 55","35 / 60",,,"40",
"Pedro Ramirez","3B","CHC",,33,"20.9444444","35 / 55",50,55,"GapToGap","20 / 30","35 / 40","40 / 40","35 / 55","2B/3B/LF",0.43,"35+","sa3015834"
"Blake Walston","SP","ARI",,33,"23.7027777","",,,,"","","","",,,"35+","26270"
"Aeverson Arteaga","SS","SFG",,33,"21.9861111","20 / 30",40,40,"Oppo","30 / 40","40 / 40","50 / 50","40 / 50","2B/SS/3B",0.28,"35+","sa3014707"
"Stevie Emanuels","SIRP","ATH",,33,"26.1138888","",,,,"","","","",,,"35+","sa3014698"
"Jadiel Sanchez","RF","LAA",,33,"23.8361111","35 / 55",45,55,"GapToGap","30 / 40","40 / 45","50 / 50","40 / 50","LF/RF",0.31,"35+","sa3011629"
"Dylan Dodd","SP","ATL",,33,"26.7638888","",,,,"","","","",,,"35+","29928"
"Doug Nikhazy","MIRP","CLE",,0,"25.5833333","",,,,"","","","",,,"35+","sa3018110"
"Benny Montgomery","CF","COL",,33,"22.5055555","20 / 20",45,20,"Oppo","20 / 40","55 / 60","60 / 60","40 / 50","OF",,"35+","sa3017169"
"Josh Randall","SP","DET",,33,"22.4055555","",,,,"","","","",,,"35+","sa3025585"
"Evan Reifert","SIRP","WSN",,0,"25.825","",,,,"","","","",,,"40","sa3014860"
"Warel Solano","SS","TBR",,34,"17.4777777","20 / 40",,40,,"20 / 45","40 / 55","50 / 50","40 / 50",,,"40",
"BJ Murray Jr.","3B","CHC",,34,"25.1833333","45 / 50",60,50,"Oppo/Pull","40 / 40","45 / 45","45 / 45","50 / 55","1B/3B",0.34,"35+","sa3017287"
"Juan Corniel","SS","ARI",,34,"22.4416666","20 / 30",40,50,"GapToGap","20 / 30","30 / 35","60 / 60","60 / 70","2B/3B/SS",0.25,"35+","sa3015169"
"Cole Foster","SS","SFG",,34,"23.425","20 / 30",40,40,"Gaps/Pull","30 / 30","40 / 40","40 / 40","45 / 55","2B/SS",0.28,"35+","sa3022673"
"Eric Cerantola","SIRP","KCR",,0,"24.8583333","",,,,"","","","",,,"35+","sa3017914"
"Gage Jump","SIRP","ATH",,34,"21.9138888","",,,,"","","","",,,"35+",
"Rio Foster","RF","LAA",,34,"21.7305555","20 / 30",40,30,"GapToGap","35 / 55","55 / 60","45 / 45","30 / 50","LF/RF",0.39,"35+","sa3022491"
"Jorbit Vivas","2B","NYY",,34,"24.0055555","50 / 50",50,60,"Pull","30 / 40","40 / 40","50 / 50","40 / 40","2B/3B",0.27,"35+","sa3005511"
"Herick Hernandez","SIRP","ATL",,34,"21.5833333","",,,,"","","","",,,"35+","sa3025588"
"Michael Prosecky","SP","COL",,34,"24.0305555","",,,,"","","","",,,"35+","sa3020526"
"Gabriel Reyes","SIRP","DET",,34,"21.6944444","",,,,"","","","",,,"35+","sa3016833"
"Raymer Medina","2B","TBR",,35,"17.3638888","25 / 50",,55,,"20 / 40","35 / 45","50 / 50","40 / 50",,,"40",
"Dylan Smith","SIRP","DET",,35,"24.7861111","",,,,"","","","",,,"35+","sa3018113"
"Brett Bateman","CF","CHC",,35,"22.9777777","35 / 55",50,60,"Oppo","20 / 30","30 / 40","60 / 60","40 / 50","OF",0.27,"35+","sa3022603"
"Jose Alpuria","CF","ARI",,35,"20.0805555","20 / 40",40,40,"Grounders","20 / 45","35 / 50","70 / 70","40 / 55","OF",0.22,"35+","sa3018562"
"Yulian Barreto","SS","SFG",,35,"17.4694444","20 / 40",,40,,"20 / 30","30 / 40","50 / 50","40 / 55",,,"35+",
"CJ Alexander","3B","ATH",,35,"28.65","30 / 30",30,40,"Pull","50 / 50","55 / 55","45 / 45","50 / 50","1B/3B/LF",0.42,"35+","20557"
"Felix Morrobel","SS","LAA",,35,"19.4638888","20 / 40",40,40,"GapToGap","20 / 45","45 / 55","50 / 45","40 / 50",,0.06,"35+","sa3021103"
"Francisco Vilorio","RF","NYY",,35,"18.3638888","20 / 35",40,40,"InsideOut","25 / 55","50 / 70","50 / 50","30 / 50",,0.33,"35+","sa3023893"
"Logan Samuels","SP","ATL",,35,"23.0638888","",,,,"","","","",,,"35+","sa3025571"
"Isaiah Coupet","MIRP","COL",,35,"22.4555555","",,,,"","","","",,,"35+","sa3023156"
"Leonardo Pineda","CF","TBR",,36,"17.8888888","20 / 40",60,40,"Pull","25 / 45","30 / 45","60 / 60","45 / 60","OF",0.24,"40","sa3023721"
"Wilmer Flores","MIRP","DET",,36,"24.0583333","",,,,"","","","",,,"35+","sa3015223"
"Riley Martin","SIRP","CHC",,36,"26.9777777","",,,,"","","","",,,"35+","sa3017601"
"Tytus Cissell","SS","ARI",,36,"18.9305555","20 / 40",40,40,"Pull","25 / 45","40 / 50","55 / 55","40 / 55","2B/SS/CF",,"35+",
"Djean Macares","CF","SFG",,36,"16.8611111","25 / 55",,55,,"20 / 40","30 / 40","50 / 50","40 / 45",,,"35+",
"Myles Naylor","3B","ATH",,36,"19.9055555","20 / 40",40,40,"InsideOut","20 / 50","45 / 60","40 / 40","30 / 55",,0.42,"35+","sa3022605"
"Bryan Martinez","RF","LAA",,36,"19.2083333","20 / 40",45,45,"GapToGap","20 / 55","40 / 55","40 / 40","30 / 50","1B/LF/RF",0.29,"35+","sa3021600"
"Richard Matic","3B","NYY",,36,"17.625","20 / 40",40,45,"Pull","20 / 55","50 / 65","40 / 30","30 / 40",,0.17,"35+","sa3023749"
"Kadon Morton","SIRP","ATL",,36,"24.3111111","",,,,"","","","",,,"35+","sa3010870"
"Kade Strowd","SIRP","BAL",,0,"27.4833333","",,,,"","","","",,,"35+","sa3011418"
"Ryan Ritter","SS","COL",,36,"24.3361111","30 / 30",40,30,"GapToGap","30 / 40","50 / 50","50 / 50","40 / 50","2B/SS",0.28,"35+","sa3020206"
"T.J. Nichols","MIRP","TBR",,37,"22.7138888","",,,,"","","","",,,"40","sa3023039"
"Paul Wilson","SP","DET",,37,"20.25","",,,,"","","","",,,"35+","sa3023596"
"Nick Dean","MIRP","CHC",,37,"24.2083333","",,,,"","","","",,,"35+","sa3023506"
"Ivan Luciano","C","ARI",,37,"18.2972222","20 / 50",40,40,"GapToGap","20 / 45","30 / 45","40 / 40","30 / 50",,,"35+",
"Yohendry Sanchez","C","SFG",,37,"18.3388888","20 / 30",,,,"20 / 45","45 / 55","20 / 20","40 / 50",,,"35+","sa3023896"
"Yunior Tur","SIRP","ATH",,37,"25.5888888","",,,,"","","","",,,"35+","sa3021045"
"Austin Gordon","SP","LAA",,37,"21.7416666","",,,,"","","","",,,"35+",
"Antonio Gomez","C","NYY",,37,"23.3277777","20 / 20",30,30,"Pull","30 / 30","50 / 50","30 / 30","50 / 60",,0.5,"35+","sa3008746"
"Jorge Juan","SIRP","ATL",,37,"26.0138888","",,,,"","","","",,,"35+","sa3005826"
"Braylen Wimmer","SS","COL",,37,"24.2333333","30 / 30",50,35,"GapToGap","30 / 40","45 / 45","45 / 45","40 / 50","SS/3B",0.36,"35+","sa3022671"
"Ben Peoples","SIRP","TBR",,38,"23.8611111","",,,,"","","","",,,"40","sa3011784"
"Carson Rucker","3B","DET",,38,"20.5638888","20 / 40",50,40,,"20 / 50","40 / 55","40 / 40","30 / 50",,,"35+","sa3022926"
"Derniche Valdez","SS","CHC",,38,"18.95","20 / 30",20,40,"PoleToPole","20 / 50","55 / 70","60 / 60","40 / 50","2B/SS",0.55,"35+","sa3021068"
"Junior Ciprian","SP","ARI",,38,"19.775","",,,,"","","","",,,"35+","sa3023107"
"Hayden Wynja","SIRP","SFG",,38,"26.4083333","",,,,"","","","",,,"35+","sa3020464"
"Nate Nankil","RF","ATH",,38,"22.4027777","35 / 50",50,50,"GapToGap","30 / 40","50 / 55","40 / 40","40 / 50","LF/RF",0.37,"35+","sa3022532"
"Carlos Espinosa","SIRP","LAA",,38,"23.5916666","",,,,"","","","",,,"35+","sa3019549"
"Luis Serna","SP","NYY",,38,"20.6416666","",,,,"","","","",,,"35+","sa3016528"
"David McCabe","3B","ATL",,38,"24.9611111","35 / 45",55,55,"Poles/Oppo","40 / 55","60 / 60","30 / 30","30 / 40","1B/3B",0.43,"35+","sa3019964"
"Kyle Karros","3B","COL",,38,"22.625","30 / 40",40,50,"PoleToPole","30 / 50","40 / 50","30 / 30","35 / 60",,0.37,"35+","sa3022559"
"Jackson Lancaster","SIRP","TBR",,39,"25.9694444","",,,,"","","","",,,"40","sa3021468"
"Andrew Dunford","SP","DET",,39,"20.1833333","",,,,"","","","",,,"35+","sa3023086"
"Kyle Amendt","SIRP","ARI",,39,"24.9333333","",,,,"","","","",,,"35+","sa3022904"
"Cale Lansville","SP","SFG",,39,"22.1805555","",,,,"","","","",,,"35+","sa3023176"
"Richard Fernandez","SIRP","ATH",,39,"22.4694444","",,,,"","","","",,,"35+","sa3018898"
"Fulton Lockhart","SIRP","LAA",,39,"21.1972222","",,,,"","","","",,,"35+","sa3025301"
"Franyer Herrera","SP","NYY",,39,"19.8555555","",,,,"","","","",,,"35+","sa3019520"
"Juan Mateo","SS","ATL",,39,"17.8027777","25 / 55",45,60,"GapToGap","20 / 40","20 / 40","55 / 55","30 / 45",,0.03,"35+","sa3024340"
"Derek Bernard","LF","COL",,39,"19.5888888","20 / 30",40,45,"GapToGap","25 / 55","55 / 60","40 / 40","30 / 50",,0.46,"35+","sa3018477"
"Austin Vernon","SIRP","TBR",,40,"26.0916666","",,,,"","","","",,,"40","sa3017138"
"Edgar Isea","SIRP","ARI",,40,"22.5583333","",,,,"","","","",,,"35+","sa3009936"
"Braxton Roxby","SIRP","SFG",,40,"25.9972222","",,,,"","","","",,,"35+","sa3014811"
"Breyson Guedez","LF","ATH",,40,"17.4527777","20 / 30",,30,,"25 / 50","45 / 55","50 / 50","30 / 55",,,"35+",
"Ubaldo Soto","SP","LAA",,40,"18.6638888","",,,,"","","","",,,"35+","sa3022015"
"Ben Shields","SIRP","NYY",,40,"26.1333333","",,,,"","","","",,,"35+","sa3023483"
"Mario Baez","SS","ATL",,40,"18.5444444","20 / 45",40,40,"Pull","20 / 40","35 / 45","55 / 50","40 / 50","2B/SS",,"35+","sa3021286"
"Lebarron Johnson Jr.","SIRP","COL",,40,"22.7277777","",,,,"","","","",,,"35+",
"Sam Knowlton","SIRP","ARI",,41,"24.7388888","",,,,"","","","",,,"35+","sa3023467"
"Spencer Miles","SIRP","SFG",,41,"24.625","",,,,"","","","",,,"35+","sa3020475"
"Elvis Alvarado","SIRP","ATH",,41,"26.05","",,,,"","","","",,,"35+","sa919291"
"Francis Texido","MIRP","LAA",,41,"19.9444444","",,,,"","","","",,,"35+","sa3021028"
"Chris Kean","SIRP","NYY",,41,"22.7472222","",,,,"","","","",,,"35+","sa3023576"
"Logan Workman","SP","TBR",,41,"26.2638888","",,,,"","","","",,,"35+","sa3017313"
"Sandy Ozuna","SP","COL",,41,"18.7944444","",,,,"","","","",,,"35+","sa3021041"
"J.J. D'Orazio","C","ARI",,42,"23.2027777","30 / 35",40,40,"Oppo","30 / 40","45 / 50","30 / 30","40 / 50",,0.35,"35+","sa3008876"
"Cole Waites","SIRP","SFG",,42,"26.7527777","",,,,"","","","",,,"35+","25665"
"Noah Murdock","SIRP","ATH",,42,"26.5583333","",,,,"","","","",,,"35+","sa919012"
"Jack Dashwood","SIRP","LAA",,42,"27.3166666","",,,,"","","","",,,"35+","sa3015035"
"Jerson Alejandro","SP","NYY",,42,"19.05","",,,,"","","","",,,"35+","sa3021533"
"Trevor Martin","SP","TBR",,42,"24.2388888","",,,,"","","","",,,"35+","sa3020608"
"Gregory Sanchez","SP","COL",,42,"18.1638888","",,,,"","","","",,,"35+","sa3024267"
"Jack Hurley","CF","ARI",,43,"22.9944444","20 / 30",40,30,"GapToGap","30 / 40","50 / 50","55 / 55","40 / 50","OF",0.38,"35+","sa3022564"
"Luis Velasquez","SIRP","NYY",,43,"23.6944444","",,,,"","","","",,,"35+","sa3010135"
"Mike Vasil","SP","TBR",,43,"24.9777777","",,,,"","","","",,,"35+","sa3017915"
"Kamuel Villar","SS","COL",,43,"17.5166666","20 / 40",,40,,"20 / 45","40 / 50","50 / 50","30 / 45",,,"35+",
"Jose Fernandez","SS","ARI",,44,"21.4694444","20 / 30",40,30,"Oppo","20 / 40","35 / 50","50 / 50","45 / 60","3B/SS",0.3,"35+","sa3015204"
"Thomas  Balboni Jr.","SIRP","NYY",,44,"24.6805555","",,,,"","","","",,,"35+","sa3020861"
"Yereny Teus","MIRP","TBR",,44,"21.6111111","",,,,"","","","",,,"35+","sa3020978"
"Kenny Castillo","C","ARI",,45,"20.8277777","30 / 30",50,30,"GapToGap","30 / 35","30 / 45","20 / 20","45 / 60",,0.41,"35+","sa3015863"
"Hansel Rosario","SIRP","NYY",,45,"22.6","",,,,"","","","",,,"35+","sa3019247"
"Logan Driscoll","C","TBR",,45,"27.3555555","40 / 40",50,40,"PoleToPole","40 / 40","50 / 50","30 / 30","50 / 50",,0.35,"35+","25475"
"Roman Angelo","MIRP","ARI",,46,"24.8166666","",,,,"","","","",,,"35+","sa3022737"
"Colton Ledbetter","CF","TBR",,46,"23.3222222","20 / 30",40,30,"PoleToPole","30 / 50","55 / 55","50 / 50","40 / 45","OF",0.47,"35+","sa3022897"
"Hayden Durke","SIRP","ARI",,47,"22.8611111","",,,,"","","","",,,"35+","sa3022733"
"Mac Horvath","CF","TBR",,47,"23.1194444","30 / 40",60,40,"Pull","30 / 45","50 / 50","60 / 60","30 / 40","2B/3B/OF",0.37,"35+","sa3022885"
"Connor Foley","SIRP","ARI",,48,"21.6583333","",,,,"","","","",,,"35+",
"Homer Bush Jr.","CF","TBR",,48,"23.4111111","30 / 40",40,40,"Slash&Dash","20 / 30","30 / 35","80 / 80","40 / 60","OF",0.19,"35+","sa3022480"
"Daniel Eagen","SP","ARI",,49,"22.3","",,,,"","","","",,,"35+",
"Angel Brachi","SS","TBR",,49,"18.1833333","25 / 55",45,55,"GapToGap","20 / 30","20 / 30","60 / 60","45 / 55","2B/3B/SS",0.08,"35+","sa3023784"
"Andrew Saalfrank","SIRP","ARI",,50,"27.5638888","",,,,"","","","",,,"35+","26203"
"Eliomar Garces","SS","TBR",,50,"17.5","20 / 45",,45,,"20 / 30","30 / 40","50 / 50","40 / 55",,,"35+",
"Grayson Hitt","SP","ARI",,51,"23.25","",,,,"","","","",,,"35+","sa3025020"
"Eric Orze","SIRP","TBR",,51,"27.5555555","",,,,"","","","",,,"35+","27626"
"Ricardo Yan","SP","ARI",,52,"22.325","",,,,"","","","",,,"35+","sa3016056"
"Paul Gervase","SIRP","TBR",,52,"24.8","",,,,"","","","",,,"35+","sa3019957"
"Juan Morillo","SIRP","ARI",,53,"25.9777777","",,,,"","","","",,,"35+","sa917772"
"Jack Hartman","SIRP","TBR",,53,"26.6611111","",,,,"","","","",,,"35+","sa3018250"
"Nate Lavender","SIRP","TBR",,54,"25.1416666","",,,,"","","","",,,"35+","sa3017917"
"Alexander Alberto","SIRP","TBR",,55,"23.3583333","",,,,"","","","",,,"35+","sa3015986"
"Marcus Johnson","SP","TBR",,56,"24.25","",,,,"","","","",,,"35+","sa3020324"